{
  "run_id": "90fc06e8-f2de-4be1-84e2-7a576cfd26d6",
  "ammeter_type": "greenlee",
  "iso_timestamp": "2026-04-14T11:27:27.775298+00:00",
  "measurements_count": 10,
  "stats": {
    "mean": 0.28472352190615446,
    "median": 0.13577423055429075,
    "std": 0.3327964685438231,
    "min": 0.07954723671133075,
    "max": 1.1557539476011724
  }
}