{
  "run_id": "fe1e180d-4838-4e0d-9a66-a3c4c534a457",
  "ammeter_type": "circutor",
  "iso_timestamp": "2026-04-14T11:27:37.103779+00:00",
  "measurements_count": 10,
  "stats": {
    "mean": 0.03236898404882975,
    "median": 0.031828483315780066,
    "std": 0.014711830143446687,
    "min": 0.012203895512115495,
    "max": 0.051266826372532284
  }
}