{
  "run_id": "5a2f6d5e-f391-4687-b931-7cad07f0931f",
  "ammeter_type": "entes",
  "iso_timestamp": "2026-04-14T11:27:32.406424+00:00",
  "measurements_count": 10,
  "stats": {
    "mean": 68.41786443766003,
    "median": 69.43614536194622,
    "std": 31.012183162889997,
    "min": 27.574239800080495,
    "max": 131.10434655651935
  }
}